dataset_id,name,short_description,primary_source_type,primary_source,primary_fingerprint,all_sources,fingerprints,doi,pmid,manufacturer,product,version,release_date,tags,curator,created_at,updated_at,notes
ds_28a5694cfc81,"Visium HD Spatial Gene Expression Library, Human Pancreas (FFPE)",HD Spatial Gene Expression v1.0 | Human | Pancreas,doi,doi:https://www.10xgenomics.com/datasets/visium-hd-cytassist-gene-expression-libraries-human-pancreas-4,28a5694cfc81,doi:https://www.10xgenomics.com/datasets/visium-hd-cytassist-gene-expression-libraries-human-pancreas-4,28a5694cfc81,,,10x Genomics,HD Spatial Gene Expression v1.0,,,"Human,Pancreas",10x-scrape,,,
ds_ef482299d633,"Visium HD Spatial Gene Expression Library, Human Breast Cancer (Fresh Frozen), Ultima Sequencing",HD Spatial Gene Expression v1.0 | Human | Breast,doi,doi:https://www.10xgenomics.com/datasets/visium-hd-cytassist-gene-expression-libraries-human-breast-cancer-ff-ultima-4,ef482299d633,doi:https://www.10xgenomics.com/datasets/visium-hd-cytassist-gene-expression-libraries-human-breast-cancer-ff-ultima-4,ef482299d633,,,10x Genomics,HD Spatial Gene Expression v1.0,,,"Human,Breast",10x-scrape,,,
ds_cd9d8b8677da,"Visium HD Spatial Gene Expression Library, Mouse Kidney (FFPE)",HD Spatial Gene Expression v1.0 | Mouse | Kidney,doi,doi:https://www.10xgenomics.com/datasets/visium-hd-cytassist-gene-expression-libraries-of-mouse-kidney-v4,cd9d8b8677da,doi:https://www.10xgenomics.com/datasets/visium-hd-cytassist-gene-expression-libraries-of-mouse-kidney-v4,cd9d8b8677da,,,10x Genomics,HD Spatial Gene Expression v1.0,,,"Mouse,Kidney",10x-scrape,,,
ds_cc3bb8147837,"Visium HD Spatial Gene Expression Library, Mouse Brain (FFPE)",HD Spatial Gene Expression v1.0 | Mouse | Brain,doi,doi:https://www.10xgenomics.com/datasets/visium-hd-cytassist-gene-expression-libraries-of-mouse-brain-he-v4,cc3bb8147837,doi:https://www.10xgenomics.com/datasets/visium-hd-cytassist-gene-expression-libraries-of-mouse-brain-he-v4,cc3bb8147837,,,10x Genomics,HD Spatial Gene Expression v1.0,,,"Mouse,Brain",10x-scrape,,,
ds_dcc77d3459f0,"Visium HD Spatial Gene Expression Library, Human Colorectal Cancer (FFPE)",HD Spatial Gene Expression v1.0 | Human | Colon,doi,doi:https://www.10xgenomics.com/datasets/visium-hd-cytassist-gene-expression-libraries-of-human-crc-v4,dcc77d3459f0,doi:https://www.10xgenomics.com/datasets/visium-hd-cytassist-gene-expression-libraries-of-human-crc-v4,dcc77d3459f0,,,10x Genomics,HD Spatial Gene Expression v1.0,,,"Human,Colon",10x-scrape,,,
ds_556fd8fd0419,"Visium HD Spatial Gene Expression Library, Human Lymph Node (FFPE)",HD Spatial Gene Expression v1.0 | Human | Lymph Node,doi,doi:https://www.10xgenomics.com/datasets/visium-hd-cytassist-gene-expression-libraries-human-lymph-node-v4,556fd8fd0419,doi:https://www.10xgenomics.com/datasets/visium-hd-cytassist-gene-expression-libraries-human-lymph-node-v4,556fd8fd0419,,,10x Genomics,HD Spatial Gene Expression v1.0,,,"Human,Lymph Node",10x-scrape,,,
ds_b7691c780bb7,"Visium HD Spatial Gene Expression Library, Human Kidney (FFPE)",HD Spatial Gene Expression v1.0 | Human | Kidney,doi,doi:https://www.10xgenomics.com/datasets/visium-hd-cytassist-gene-expression-libraries-human-kidney-ffpe-v4,b7691c780bb7,doi:https://www.10xgenomics.com/datasets/visium-hd-cytassist-gene-expression-libraries-human-kidney-ffpe-v4,b7691c780bb7,,,10x Genomics,HD Spatial Gene Expression v1.0,,,"Human,Kidney",10x-scrape,,,
ds_cd80567014a0,"Visium HD Spatial Gene Expression Library, Mouse Embryo (FFPE)",HD Spatial Gene Expression v1.0 | Mouse | Whole Embryo,doi,doi:https://www.10xgenomics.com/datasets/visium-hd-cytassist-gene-expression-libraries-of-mouse-embryo-4,cd80567014a0,doi:https://www.10xgenomics.com/datasets/visium-hd-cytassist-gene-expression-libraries-of-mouse-embryo-4,cd80567014a0,,,10x Genomics,HD Spatial Gene Expression v1.0,,,"Mouse,Whole Embryo",10x-scrape,,,
ds_0167d083203d,"Visium HD Spatial Gene Expression Library, Human Prostate Cancer (FFPE)",HD Spatial Gene Expression v1.0 | Human | prostate,doi,doi:https://www.10xgenomics.com/datasets/visium-hd-cytassist-gene-expression-libraries-human-prostate-cancer-ffpe,0167d083203d,doi:https://www.10xgenomics.com/datasets/visium-hd-cytassist-gene-expression-libraries-human-prostate-cancer-ffpe,0167d083203d,,,10x Genomics,HD Spatial Gene Expression v1.0,,,"Human,prostate",10x-scrape,,,
ds_d73b9dd11862,"Visium CytAssist Spatial Gene Expression Library, Human Lymph Node (FFPE)",Spatial Gene Expression v2 | Human | Lymph Node,doi,doi:https://www.10xgenomics.com/datasets/visium-v2-human-lymph-node,d73b9dd11862,doi:https://www.10xgenomics.com/datasets/visium-v2-human-lymph-node,d73b9dd11862,,,10x Genomics,Spatial Gene Expression v2,,,"Human,Lymph Node",10x-scrape,,,
ds_a9c2aa3a0327,"Visium HD Spatial Gene Expression Library, Human Kidney (FFPE)",HD Spatial Gene Expression v1.0 | Human | Kidney,doi,doi:https://www.10xgenomics.com/datasets/visium-hd-cytassist-gene-expression-libraries-human-kidney-ffpe,a9c2aa3a0327,doi:https://www.10xgenomics.com/datasets/visium-hd-cytassist-gene-expression-libraries-human-kidney-ffpe,a9c2aa3a0327,,,10x Genomics,HD Spatial Gene Expression v1.0,,,"Human,Kidney",10x-scrape,,,
ds_0b55c1d90e54,"Visium HD Spatial Gene Expression Library, Human Tonsil (Fresh Frozen), Ultima Sequencing",HD Spatial Gene Expression v1.0 | Human | Tonsil,doi,doi:https://www.10xgenomics.com/datasets/visium-hd-cytassist-gene-expression-libraries-human-tonsil-ff-ultima,0b55c1d90e54,doi:https://www.10xgenomics.com/datasets/visium-hd-cytassist-gene-expression-libraries-human-tonsil-ff-ultima,0b55c1d90e54,,,10x Genomics,HD Spatial Gene Expression v1.0,,,"Human,Tonsil",10x-scrape,,,
ds_3ae13c02adb5,"Visium HD Spatial Gene Expression Library, Human Breast Cancer (Fresh Frozen), Ultima Sequencing",HD Spatial Gene Expression v1.0 | Human | Breast,doi,doi:https://www.10xgenomics.com/datasets/visium-hd-cytassist-gene-expression-libraries-human-breast-cancer-ff-ultima,3ae13c02adb5,doi:https://www.10xgenomics.com/datasets/visium-hd-cytassist-gene-expression-libraries-human-breast-cancer-ff-ultima,3ae13c02adb5,,,10x Genomics,HD Spatial Gene Expression v1.0,,,"Human,Breast",10x-scrape,,,
ds_d9fd8e2a0a77,FFPE Human Ovarian Cancer with 5K Human Pan Tissue and Pathways Panel plus 100 Custom Genes,In Situ Gene Expression Xenium Prime | Human | Ovary,doi,doi:https://www.10xgenomics.com/datasets/xenium-prime-ffpe-human-ovarian-cancer,d9fd8e2a0a77,doi:https://www.10xgenomics.com/datasets/xenium-prime-ffpe-human-ovarian-cancer,d9fd8e2a0a77,,,10x Genomics,In Situ Gene Expression Xenium Prime,,,"Human,Ovary",10x-scrape,,,
ds_7c972fa6c724,"Visium HD Spatial Gene Expression Library, Human Breast Cancer, IF (FFPE)",HD Spatial Gene Expression v1.0 | Human | breast,doi,doi:https://www.10xgenomics.com/datasets/visium-hd-cytassist-gene-expression-libraries-human-breast-cancer-ffpe-if,7c972fa6c724,doi:https://www.10xgenomics.com/datasets/visium-hd-cytassist-gene-expression-libraries-human-breast-cancer-ffpe-if,7c972fa6c724,,,10x Genomics,HD Spatial Gene Expression v1.0,,,"Human,breast",10x-scrape,,,
ds_161f431ce73a,Post-Xenium Technical Note: Xenium v1 and Xenium Prime 5K for FFPE Human Lung Cancer,In Situ Gene Expression Xenium Prime | Human | Lung,doi,doi:https://www.10xgenomics.com/datasets/xenium-human-lung-cancer-post-xenium-technote,161f431ce73a,doi:https://www.10xgenomics.com/datasets/xenium-human-lung-cancer-post-xenium-technote,161f431ce73a,,,10x Genomics,In Situ Gene Expression Xenium Prime,,,"Human,Lung",10x-scrape,,,
ds_400fe526fc1e,FFPE Human Breast Cancer with 5K Human Pan Tissue and Pathways Panel plus 100 Custom Genes,In Situ Gene Expression Xenium Prime | Human | Breast,doi,doi:https://www.10xgenomics.com/datasets/xenium-prime-ffpe-human-breast-cancer,400fe526fc1e,doi:https://www.10xgenomics.com/datasets/xenium-prime-ffpe-human-breast-cancer,400fe526fc1e,,,10x Genomics,In Situ Gene Expression Xenium Prime,,,"Human,Breast",10x-scrape,,,
ds_e166b65994ce,Whole Mouse Pup (FFPE) with 5K Mouse Pan Tissue and Pathways Panel and Snap25a/Snap25b Add-on,In Situ Gene Expression Xenium Prime | Mouse | Whole organism,doi,doi:https://www.10xgenomics.com/datasets/xenium-prime-ffpe-neonatal-mouse,e166b65994ce,doi:https://www.10xgenomics.com/datasets/xenium-prime-ffpe-neonatal-mouse,e166b65994ce,,,10x Genomics,In Situ Gene Expression Xenium Prime,,,"Mouse,Whole organism",10x-scrape,,,
ds_02f4e2445ec7,"Visium HD Spatial Gene Expression Libraries, Post-Xenium, Human Lung Cancer (FFPE)",HD Spatial Gene Expression v1.0 | Human | Lung,doi,doi:https://www.10xgenomics.com/datasets/visium-hd-cytassist-gene-expression-human-lung-cancer-post-xenium-expt,02f4e2445ec7,doi:https://www.10xgenomics.com/datasets/visium-hd-cytassist-gene-expression-human-lung-cancer-post-xenium-expt,02f4e2445ec7,,,10x Genomics,HD Spatial Gene Expression v1.0,,,"Human,Lung",10x-scrape,,,
ds_4d1dda8e99af,"Visium HD Spatial Gene Expression Library, Mouse Lung (Fresh Frozen)",HD Spatial Gene Expression v1.0 | Mouse | Lung,doi,doi:https://www.10xgenomics.com/datasets/visium-hd-cytassist-gene-expression-mouse-lung-fresh-frozen,4d1dda8e99af,doi:https://www.10xgenomics.com/datasets/visium-hd-cytassist-gene-expression-mouse-lung-fresh-frozen,4d1dda8e99af,,,10x Genomics,HD Spatial Gene Expression v1.0,,,"Mouse,Lung",10x-scrape,,,
ds_5db2a1ba204f,"Visium HD Spatial Gene Expression Library, Mouse Brain (Fresh Frozen)",HD Spatial Gene Expression v1.0 | Mouse | Brain,doi,doi:https://www.10xgenomics.com/datasets/visium-hd-cytassist-gene-expression-mouse-brain-fresh-frozen,5db2a1ba204f,doi:https://www.10xgenomics.com/datasets/visium-hd-cytassist-gene-expression-mouse-brain-fresh-frozen,5db2a1ba204f,,,10x Genomics,HD Spatial Gene Expression v1.0,,,"Mouse,Brain",10x-scrape,,,
ds_24f6f7375697,"Visium HD Spatial Gene Expression Library, Mouse Brain (Fixed Frozen)",HD Spatial Gene Expression v1.0 | Mouse | Brain,doi,doi:https://www.10xgenomics.com/datasets/visium-hd-cytassist-gene-expression-mouse-brain-fixed-frozen,24f6f7375697,doi:https://www.10xgenomics.com/datasets/visium-hd-cytassist-gene-expression-mouse-brain-fixed-frozen,24f6f7375697,,,10x Genomics,HD Spatial Gene Expression v1.0,,,"Mouse,Brain",10x-scrape,,,
ds_bd88e7cf1419,"Visium HD Spatial Gene Expression Library, Human Tonsil, IF (Fresh Frozen)",HD Spatial Gene Expression v1.0 | Human | Tonsil,doi,doi:https://www.10xgenomics.com/datasets/visium-hd-cytassist-gene-expression-human-tonsil-fresh-frozen-if,bd88e7cf1419,doi:https://www.10xgenomics.com/datasets/visium-hd-cytassist-gene-expression-human-tonsil-fresh-frozen-if,bd88e7cf1419,,,10x Genomics,HD Spatial Gene Expression v1.0,,,"Human,Tonsil",10x-scrape,,,
ds_e3a197e6ff13,"Visium HD Spatial Gene Expression Library, Human Tonsil (Fresh Frozen)",HD Spatial Gene Expression v1.0 | Human | Tonsil,doi,doi:https://www.10xgenomics.com/datasets/visium-hd-cytassist-gene-expression-human-tonsil-fresh-frozen,e3a197e6ff13,doi:https://www.10xgenomics.com/datasets/visium-hd-cytassist-gene-expression-human-tonsil-fresh-frozen,e3a197e6ff13,,,10x Genomics,HD Spatial Gene Expression v1.0,,,"Human,Tonsil",10x-scrape,,,
ds_3b99bce69a3e,"Visium HD Spatial Gene Expression Library, Human Lung Cancer (Fixed Frozen)",HD Spatial Gene Expression v1.0 | Human | Lung,doi,doi:https://www.10xgenomics.com/datasets/visium-hd-cytassist-gene-expression-human-lung-cancer-fixed-frozen,3b99bce69a3e,doi:https://www.10xgenomics.com/datasets/visium-hd-cytassist-gene-expression-human-lung-cancer-fixed-frozen,3b99bce69a3e,,,10x Genomics,HD Spatial Gene Expression v1.0,,,"Human,Lung",10x-scrape,,,
ds_134709b08cd0,"Visium HD Spatial Gene Expression Library, Human Breast Cancer (Fresh Frozen)",HD Spatial Gene Expression v1.0 | Human | Breast,doi,doi:https://www.10xgenomics.com/datasets/visium-hd-cytassist-gene-expression-human-breast-cancer-fresh-frozen,134709b08cd0,doi:https://www.10xgenomics.com/datasets/visium-hd-cytassist-gene-expression-human-breast-cancer-fresh-frozen,134709b08cd0,,,10x Genomics,HD Spatial Gene Expression v1.0,,,"Human,Breast",10x-scrape,,,
ds_d0ad7b701e6b,"Visium HD Spatial Gene Expression Library, Human Breast Cancer (Fixed Frozen)",HD Spatial Gene Expression v1.0 | Human | Breast,doi,doi:https://www.10xgenomics.com/datasets/visium-hd-cytassist-gene-expression-human-breast-cancer-fixed-frozen,d0ad7b701e6b,doi:https://www.10xgenomics.com/datasets/visium-hd-cytassist-gene-expression-human-breast-cancer-fixed-frozen,d0ad7b701e6b,,,10x Genomics,HD Spatial Gene Expression v1.0,,,"Human,Breast",10x-scrape,,,
ds_9df419790f93,Fresh Frozen Human Ovarian Adenocarcinoma with 5K Human Pan Tissue and Pathways Panel,In Situ Gene Expression Xenium Prime | Human | Ovary,doi,doi:https://www.10xgenomics.com/datasets/xenium-prime-fresh-frozen-human-ovary,9df419790f93,doi:https://www.10xgenomics.com/datasets/xenium-prime-fresh-frozen-human-ovary,9df419790f93,,,10x Genomics,In Situ Gene Expression Xenium Prime,,,"Human,Ovary",10x-scrape,,,
ds_f37c385d21ae,FFPE Human Cervical Cancer with 5K Human Pan Tissue and Pathways Panel plus 100 Custom Genes,In Situ Gene Expression Xenium Prime | Human | Cervix,doi,doi:https://www.10xgenomics.com/datasets/xenium-prime-ffpe-human-cervical-cancer,f37c385d21ae,doi:https://www.10xgenomics.com/datasets/xenium-prime-ffpe-human-cervical-cancer,f37c385d21ae,,,10x Genomics,In Situ Gene Expression Xenium Prime,,,"Human,Cervix",10x-scrape,,,
ds_55561dbe449a,Fresh Frozen Mouse Brain Hemisphere with 5K Mouse Pan Tissue and Pathways Panel,In Situ Gene Expression Xenium Prime | Mouse | brain,doi,doi:https://www.10xgenomics.com/datasets/xenium-prime-fresh-frozen-mouse-brain,55561dbe449a,doi:https://www.10xgenomics.com/datasets/xenium-prime-fresh-frozen-mouse-brain,55561dbe449a,,,10x Genomics,In Situ Gene Expression Xenium Prime,,,"Mouse,brain",10x-scrape,,,
ds_89c6db686f36,Preview Data: FFPE Human Skin Primary Dermal Melanoma with 5K Human Pan Tissue and Pathways Panel,In Situ Gene Expression Xenium Prime | Human | skin,doi,doi:https://www.10xgenomics.com/datasets/xenium-prime-ffpe-human-skin,89c6db686f36,doi:https://www.10xgenomics.com/datasets/xenium-prime-ffpe-human-skin,89c6db686f36,,,10x Genomics,In Situ Gene Expression Xenium Prime,,,"Human,skin",10x-scrape,,,
ds_6aabef65d07c,Preview Data: FFPE Human Prostate Adenocarcinoma with 5K Human Pan Tissue and Pathways Panel,In Situ Gene Expression Xenium Prime | Human | prostate,doi,doi:https://www.10xgenomics.com/datasets/xenium-prime-ffpe-human-prostate,6aabef65d07c,doi:https://www.10xgenomics.com/datasets/xenium-prime-ffpe-human-prostate,6aabef65d07c,,,10x Genomics,In Situ Gene Expression Xenium Prime,,,"Human,prostate",10x-scrape,,,
ds_a5ca119eeeac,"Visium HD Spatial Gene Expression Library, Mouse Kidney (FFPE)",HD Spatial Gene Expression v1.0 | Mouse | Kidney,doi,doi:https://www.10xgenomics.com/datasets/visium-hd-cytassist-gene-expression-libraries-of-mouse-kidney,a5ca119eeeac,doi:https://www.10xgenomics.com/datasets/visium-hd-cytassist-gene-expression-libraries-of-mouse-kidney,a5ca119eeeac,,,10x Genomics,HD Spatial Gene Expression v1.0,,,"Mouse,Kidney",10x-scrape,,,
ds_2fc503dce9a4,"Visium HD Spatial Gene Expression Library, Mouse Embryo (FFPE)",HD Spatial Gene Expression v1.0 | Mouse | Whole Embryo,doi,doi:https://www.10xgenomics.com/datasets/visium-hd-cytassist-gene-expression-libraries-of-mouse-embryo,2fc503dce9a4,doi:https://www.10xgenomics.com/datasets/visium-hd-cytassist-gene-expression-libraries-of-mouse-embryo,2fc503dce9a4,,,10x Genomics,HD Spatial Gene Expression v1.0,,,"Mouse,Whole Embryo",10x-scrape,,,
ds_fb77ad7b3000,"Visium HD Spatial Gene Expression Library, Human Pancreas (FFPE)",HD Spatial Gene Expression v1.0 | Human | Pancreas,doi,doi:https://www.10xgenomics.com/datasets/visium-hd-cytassist-gene-expression-libraries-human-pancreas,fb77ad7b3000,doi:https://www.10xgenomics.com/datasets/visium-hd-cytassist-gene-expression-libraries-human-pancreas,fb77ad7b3000,,,10x Genomics,HD Spatial Gene Expression v1.0,,,"Human,Pancreas",10x-scrape,,,
ds_574e201f6b6d,Preview Data: FFPE Human Lymph Node with 5K Pan Tissue and Pathways Panel,In Situ Gene Expression Xenium Prime | Human | lymph node,doi,doi:https://www.10xgenomics.com/datasets/preview-data-xenium-prime-gene-expression,574e201f6b6d,doi:https://www.10xgenomics.com/datasets/preview-data-xenium-prime-gene-expression,574e201f6b6d,,,10x Genomics,In Situ Gene Expression Xenium Prime,,,"Human,lymph node",10x-scrape,,,
ds_16bf1d5865e4,FFPE Human Ovarian Cancer Data with Human Immuno-Oncology Profiling Panel and Custom Add-on,In Situ Gene Expression v1.0 | Human | ovary,doi,doi:https://www.10xgenomics.com/datasets/ffpe-human-ovarian-cancer-data-with-human-immuno-oncology-profiling-panel-and-custom-add-on-1-standard,16bf1d5865e4,doi:https://www.10xgenomics.com/datasets/ffpe-human-ovarian-cancer-data-with-human-immuno-oncology-profiling-panel-and-custom-add-on-1-standard,16bf1d5865e4,,,10x Genomics,In Situ Gene Expression v1.0,,,"Human,ovary",10x-scrape,,,
ds_7498bfc94375,FFPE Human Lung Cancer Data with Human Immuno-Oncology Profiling Panel and Custom Add-on,In Situ Gene Expression v1.0 | Human | lung,doi,doi:https://www.10xgenomics.com/datasets/ffpe-human-lung-cancer-data-with-human-immuno-oncology-profiling-panel-and-custom-add-on-1-standard,7498bfc94375,doi:https://www.10xgenomics.com/datasets/ffpe-human-lung-cancer-data-with-human-immuno-oncology-profiling-panel-and-custom-add-on-1-standard,7498bfc94375,,,10x Genomics,In Situ Gene Expression v1.0,,,"Human,lung",10x-scrape,,,
ds_2ab07e515496,FFPE Human Pancreatic Ductal Adenocarcinoma Data with Human Immuno-Oncology Profiling Panel,In Situ Gene Expression v1.0 | Human | pancreas,doi,doi:https://www.10xgenomics.com/datasets/ffpe-human-ductal-adenocarcinoma-data-with-human-immuno-oncology-profiling-panel-1-standard,2ab07e515496,doi:https://www.10xgenomics.com/datasets/ffpe-human-ductal-adenocarcinoma-data-with-human-immuno-oncology-profiling-panel-1-standard,2ab07e515496,,,10x Genomics,In Situ Gene Expression v1.0,,,"Human,pancreas",10x-scrape,,,
ds_eaef98e5382c,FFPE Human Colorectal Cancer Data with Human Immuno-Oncology Profiling Panel and Custom Add-on,In Situ Gene Expression v1.0 | Human | colon,doi,doi:https://www.10xgenomics.com/datasets/ffpe-human-colorectal-cancer-data-with-human-immuno-oncology-profiling-panel-and-custom-add-on-1-standard,eaef98e5382c,doi:https://www.10xgenomics.com/datasets/ffpe-human-colorectal-cancer-data-with-human-immuno-oncology-profiling-panel-and-custom-add-on-1-standard,eaef98e5382c,,,10x Genomics,In Situ Gene Expression v1.0,,,"Human,colon",10x-scrape,,,
ds_88760f1af36e,FFPE Human Brain Cancer Data with Human Immuno-Oncology Profiling Panel and Custom Add-on,In Situ Gene Expression v1.0 | Human | brain,doi,doi:https://www.10xgenomics.com/datasets/ffpe-human-brain-cancer-data-with-human-immuno-oncology-profiling-panel-and-custom-add-on-1-standard,88760f1af36e,doi:https://www.10xgenomics.com/datasets/ffpe-human-brain-cancer-data-with-human-immuno-oncology-profiling-panel-and-custom-add-on-1-standard,88760f1af36e,,,10x Genomics,In Situ Gene Expression v1.0,,,"Human,brain",10x-scrape,,,
ds_5ee03c98155d,Mouse Bone Data with Custom Add-on Panel,In Situ Gene Expression v1.0 | Mouse | bone,doi,doi:https://www.10xgenomics.com/datasets/mouse-bone-data-with-custom-add-on-panel-1-standard,5ee03c98155d,doi:https://www.10xgenomics.com/datasets/mouse-bone-data-with-custom-add-on-panel-1-standard,5ee03c98155d,,,10x Genomics,In Situ Gene Expression v1.0,,,"Mouse,bone",10x-scrape,,,
ds_f8cb19be9e2c,Human Bone and Bone Marrow Data with Custom Add-on Panel,"In Situ Gene Expression v1.0 | Human | bone, bone marrow",doi,doi:https://www.10xgenomics.com/datasets/human-bone-and-bone-marrow-data-with-custom-add-on-panel-1-standard,f8cb19be9e2c,doi:https://www.10xgenomics.com/datasets/human-bone-and-bone-marrow-data-with-custom-add-on-panel-1-standard,f8cb19be9e2c,,,10x Genomics,In Situ Gene Expression v1.0,,,"Human,bone, bone marrow",10x-scrape,,,
ds_9cefccf666f7,"Visium HD Spatial Gene Expression Library, Mouse Brain (FFPE)",HD Spatial Gene Expression v1.0 | Mouse | Brain,doi,doi:https://www.10xgenomics.com/datasets/visium-hd-cytassist-gene-expression-libraries-of-mouse-brain-he,9cefccf666f7,doi:https://www.10xgenomics.com/datasets/visium-hd-cytassist-gene-expression-libraries-of-mouse-brain-he,9cefccf666f7,,,10x Genomics,HD Spatial Gene Expression v1.0,,,"Mouse,Brain",10x-scrape,,,
ds_000301a26659,"Visium HD Spatial Gene Expression Library, Human Lung Cancer, IF Stained (FFPE)",HD Spatial Gene Expression v1.0 | Human | Lung,doi,doi:https://www.10xgenomics.com/datasets/visium-hd-cytassist-gene-expression-libraries-of-human-lung-cancer-if,000301a26659,doi:https://www.10xgenomics.com/datasets/visium-hd-cytassist-gene-expression-libraries-of-human-lung-cancer-if,000301a26659,,,10x Genomics,HD Spatial Gene Expression v1.0,,,"Human,Lung",10x-scrape,,,
ds_6a02c96ddb0a,"Visium HD Spatial Gene Expression Library, Mouse Small Intestine (FFPE)",HD Spatial Gene Expression v1.0 | Mouse | Intestine,doi,doi:https://www.10xgenomics.com/datasets/visium-hd-cytassist-gene-expression-libraries-of-mouse-intestine,6a02c96ddb0a,doi:https://www.10xgenomics.com/datasets/visium-hd-cytassist-gene-expression-libraries-of-mouse-intestine,6a02c96ddb0a,,,10x Genomics,HD Spatial Gene Expression v1.0,,,"Mouse,Intestine",10x-scrape,,,
ds_a672b42b0c89,"Visium HD Spatial Gene Expression Library, Human Colorectal Cancer (FFPE)",HD Spatial Gene Expression v1.0 | Human | Colon,doi,doi:https://www.10xgenomics.com/datasets/visium-hd-cytassist-gene-expression-libraries-of-human-crc,a672b42b0c89,doi:https://www.10xgenomics.com/datasets/visium-hd-cytassist-gene-expression-libraries-of-human-crc,a672b42b0c89,,,10x Genomics,HD Spatial Gene Expression v1.0,,,"Human,Colon",10x-scrape,,,
ds_c1e078c65f97,Fresh Frozen Mouse Colon with Xenium Multimodal Cell Segmentation,In Situ Gene Expression v1.0 | Mouse | colon,doi,doi:https://www.10xgenomics.com/datasets/fresh-frozen-mouse-colon-with-xenium-multimodal-cell-segmentation-1-standard,c1e078c65f97,doi:https://www.10xgenomics.com/datasets/fresh-frozen-mouse-colon-with-xenium-multimodal-cell-segmentation-1-standard,c1e078c65f97,,,10x Genomics,In Situ Gene Expression v1.0,,,"Mouse,colon",10x-scrape,,,
ds_5df17726c6d7,FFPE Human Pancreas with Xenium Multimodal Cell Segmentation,In Situ Gene Expression v1.0 | Human | pancreas,doi,doi:https://www.10xgenomics.com/datasets/ffpe-human-pancreas-with-xenium-multimodal-cell-segmentation-1-standard,5df17726c6d7,doi:https://www.10xgenomics.com/datasets/ffpe-human-pancreas-with-xenium-multimodal-cell-segmentation-1-standard,5df17726c6d7,,,10x Genomics,In Situ Gene Expression v1.0,,,"Human,pancreas",10x-scrape,,,
ds_7f5e084fde2a,Human Tonsil Data with Xenium Human Multi-Tissue and Cancer Panel,In Situ Gene Expression v1.0 | Human | tonsil,doi,doi:https://www.10xgenomics.com/datasets/human-tonsil-data-xenium-human-multi-tissue-and-cancer-panel-1-standard,7f5e084fde2a,doi:https://www.10xgenomics.com/datasets/human-tonsil-data-xenium-human-multi-tissue-and-cancer-panel-1-standard,7f5e084fde2a,,,10x Genomics,In Situ Gene Expression v1.0,,,"Human,tonsil",10x-scrape,,,
ds_5546ee05ae33,Human Skin Data with Xenium Human Multi-Tissue and Cancer Panel,In Situ Gene Expression v1.0 | Human | skin,doi,doi:https://www.10xgenomics.com/datasets/human-skin-data-xenium-human-multi-tissue-and-cancer-panel-1-standard,5546ee05ae33,doi:https://www.10xgenomics.com/datasets/human-skin-data-xenium-human-multi-tissue-and-cancer-panel-1-standard,5546ee05ae33,,,10x Genomics,In Situ Gene Expression v1.0,,,"Human,skin",10x-scrape,,,
ds_a821f8401b69,Human Liver Data with Xenium Human Multi-Tissue and Cancer Panel,In Situ Gene Expression v1.0 | Human | liver,doi,doi:https://www.10xgenomics.com/datasets/human-liver-data-xenium-human-multi-tissue-and-cancer-panel-1-standard,a821f8401b69,doi:https://www.10xgenomics.com/datasets/human-liver-data-xenium-human-multi-tissue-and-cancer-panel-1-standard,a821f8401b69,,,10x Genomics,In Situ Gene Expression v1.0,,,"Human,liver",10x-scrape,,,
ds_12c624181758,Human Heart Data with Xenium Human Multi-Tissue and Cancer Panel,In Situ Gene Expression v1.0 | Human | heart,doi,doi:https://www.10xgenomics.com/datasets/human-heart-data-xenium-human-multi-tissue-and-cancer-panel-1-standard,12c624181758,doi:https://www.10xgenomics.com/datasets/human-heart-data-xenium-human-multi-tissue-and-cancer-panel-1-standard,12c624181758,,,10x Genomics,In Situ Gene Expression v1.0,,,"Human,heart",10x-scrape,,,
ds_27914b24f797,Preview Data: FFPE Human Lung Cancer with Xenium Multimodal Cell Segmentation,In Situ Gene Expression v1.0 | Human | lung,doi,doi:https://www.10xgenomics.com/datasets/preview-data-ffpe-human-lung-cancer-with-xenium-multimodal-cell-segmentation-1-standard,27914b24f797,doi:https://www.10xgenomics.com/datasets/preview-data-ffpe-human-lung-cancer-with-xenium-multimodal-cell-segmentation-1-standard,27914b24f797,,,10x Genomics,In Situ Gene Expression v1.0,,,"Human,lung",10x-scrape,,,
ds_e6ab520cb019,Human Skin Preview Data (Xenium Human Skin Gene Expression Panel with Custom Add-On),In Situ Gene Expression v1.0 | Human | skin,doi,doi:https://www.10xgenomics.com/datasets/human-skin-preview-data-xenium-human-skin-gene-expression-panel-add-on-1-standard,e6ab520cb019,doi:https://www.10xgenomics.com/datasets/human-skin-preview-data-xenium-human-skin-gene-expression-panel-add-on-1-standard,e6ab520cb019,,,10x Genomics,In Situ Gene Expression v1.0,,,"Human,skin",10x-scrape,,,
ds_f9792ca143b9,Pancreatic Cancer with Xenium Human Multi-Tissue and Cancer Panel,In Situ Gene Expression v1.0 | Human | pancreas,doi,doi:https://www.10xgenomics.com/datasets/pancreatic-cancer-with-xenium-human-multi-tissue-and-cancer-panel-1-standard,f9792ca143b9,doi:https://www.10xgenomics.com/datasets/pancreatic-cancer-with-xenium-human-multi-tissue-and-cancer-panel-1-standard,f9792ca143b9,,,10x Genomics,In Situ Gene Expression v1.0,,,"Human,pancreas",10x-scrape,,,
ds_3eb7a6d18228,Visium CytAssist Gene Expression Libraries of Post-Xenium Human Colon Cancer (FFPE),Spatial Gene Expression v2 | Human | colon,doi,doi:https://www.10xgenomics.com/datasets/visium-cytassist-gene-expression-libraries-of-post-xenium-human-colon-cancer-ffpe-using-the-human-whole-transcriptome-probe-set-2-standard,3eb7a6d18228,doi:https://www.10xgenomics.com/datasets/visium-cytassist-gene-expression-libraries-of-post-xenium-human-colon-cancer-ffpe-using-the-human-whole-transcriptome-probe-set-2-standard,3eb7a6d18228,,,10x Genomics,Spatial Gene Expression v2,,,"Human,colon",10x-scrape,,,
ds_1ac8354df2e0,Visium CytAssist Gene Expression Libraries of Post-Xenium Mouse Brain (FF),Spatial Gene Expression v2 | Mouse | brain,doi,doi:https://www.10xgenomics.com/datasets/visium-cytassist-gene-expression-libraries-of-post-xenium-mouse-brain-ff-using-the-mouse-whole-transcriptome-probe-set-2-standard,1ac8354df2e0,doi:https://www.10xgenomics.com/datasets/visium-cytassist-gene-expression-libraries-of-post-xenium-mouse-brain-ff-using-the-mouse-whole-transcriptome-probe-set-2-standard,1ac8354df2e0,,,10x Genomics,Spatial Gene Expression v2,,,"Mouse,brain",10x-scrape,,,
ds_c4347ee5fc8f,Human Skin Preview Data (Xenium Human Skin Gene Expression Panel),In Situ Gene Expression v1.0 | Human | skin,doi,doi:https://www.10xgenomics.com/datasets/human-skin-preview-data-xenium-human-skin-gene-expression-panel-1-standard,c4347ee5fc8f,doi:https://www.10xgenomics.com/datasets/human-skin-preview-data-xenium-human-skin-gene-expression-panel-1-standard,c4347ee5fc8f,,,10x Genomics,In Situ Gene Expression v1.0,,,"Human,skin",10x-scrape,,,
ds_f2711cc67db6,Human Colon Preview Data (Xenium Human Colon Gene Expression Panel),In Situ Gene Expression v1.0 | Human | intestine (colon),doi,doi:https://www.10xgenomics.com/datasets/human-colon-preview-data-xenium-human-colon-gene-expression-panel-1-standard,f2711cc67db6,doi:https://www.10xgenomics.com/datasets/human-colon-preview-data-xenium-human-colon-gene-expression-panel-1-standard,f2711cc67db6,,,10x Genomics,In Situ Gene Expression v1.0,,,"Human,intestine (colon)",10x-scrape,,,
ds_a2ff6d0c836e,"Visium CytAssist Gene and Protein Expression Library of Human Tonsil with Add-on Antibodies, H&E, 6.5 mm (FFPE)",CytAssist Spatial Gene and Protein Expression v2 | Human | tonsil,doi,doi:https://www.10xgenomics.com/datasets/visium-cytassist-gene-and-protein-expression-library-of-human-tonsil-with-add-on-antibodies-h-e-6-5-mm-ffpe-2-standard,a2ff6d0c836e,doi:https://www.10xgenomics.com/datasets/visium-cytassist-gene-and-protein-expression-library-of-human-tonsil-with-add-on-antibodies-h-e-6-5-mm-ffpe-2-standard,a2ff6d0c836e,,,10x Genomics,CytAssist Spatial Gene and Protein Expression v2,,,"Human,tonsil",10x-scrape,,,
ds_6c68285cee6f,Whole Mouse Pup Preview Data (Xenium Mouse Tissue Atlassing Panel),In Situ Gene Expression v1.0 | Mouse | whole organism,doi,doi:https://www.10xgenomics.com/datasets/mouse-pup-preview-data-xenium-mouse-tissue-atlassing-panel-1-standard,6c68285cee6f,doi:https://www.10xgenomics.com/datasets/mouse-pup-preview-data-xenium-mouse-tissue-atlassing-panel-1-standard,6c68285cee6f,,,10x Genomics,In Situ Gene Expression v1.0,,,"Mouse,whole organism",10x-scrape,,,
ds_5ff75a97f2b8,Human Lung Cancer Preview Data (Xenium Human Multi-Tissue and Cancer Panel),In Situ Gene Expression v1.0 | Human | lung,doi,doi:https://www.10xgenomics.com/datasets/human-lung-cancer-preview-data-xenium-human-multi-tissue-and-cancer-panel-1-standard,5ff75a97f2b8,doi:https://www.10xgenomics.com/datasets/human-lung-cancer-preview-data-xenium-human-multi-tissue-and-cancer-panel-1-standard,5ff75a97f2b8,,,10x Genomics,In Situ Gene Expression v1.0,,,"Human,lung",10x-scrape,,,
ds_6f5150e7a77b,Human Lymph Node Preview Data (Xenium Human Multi-Tissue and Cancer Panel),In Situ Gene Expression v1.0 | Human | lymph node,doi,doi:https://www.10xgenomics.com/datasets/human-lymph-node-preview-data-xenium-human-multi-tissue-and-cancer-panel-1-standard,6f5150e7a77b,doi:https://www.10xgenomics.com/datasets/human-lymph-node-preview-data-xenium-human-multi-tissue-and-cancer-panel-1-standard,6f5150e7a77b,,,10x Genomics,In Situ Gene Expression v1.0,,,"Human,lymph node",10x-scrape,,,
ds_079225bf48e1,Human Pancreas Preview Data (Xenium Human Multi-Tissue and Cancer Panel),In Situ Gene Expression v1.0 | Human | pancreas,doi,doi:https://www.10xgenomics.com/datasets/human-pancreas-preview-data-xenium-human-multi-tissue-and-cancer-panel-1-standard,079225bf48e1,doi:https://www.10xgenomics.com/datasets/human-pancreas-preview-data-xenium-human-multi-tissue-and-cancer-panel-1-standard,079225bf48e1,,,10x Genomics,In Situ Gene Expression v1.0,,,"Human,pancreas",10x-scrape,,,
ds_65a40ca7123f,Human Kidney Preview Data (Xenium Human Multi-Tissue and Cancer Panel),In Situ Gene Expression v1.0 | Human | kidney,doi,doi:https://www.10xgenomics.com/datasets/human-kidney-preview-data-xenium-human-multi-tissue-and-cancer-panel-1-standard,65a40ca7123f,doi:https://www.10xgenomics.com/datasets/human-kidney-preview-data-xenium-human-multi-tissue-and-cancer-panel-1-standard,65a40ca7123f,,,10x Genomics,In Situ Gene Expression v1.0,,,"Human,kidney",10x-scrape,,,
ds_4bed0f8a0327,Xenium In Situ Analysis of Alzheimer's Disease Mouse Model Brain Coronal Sections from One Hemisphere Over a Time Course,In Situ Gene Expression v1.0 | Mouse | brain,doi,doi:https://www.10xgenomics.com/datasets/xenium-in-situ-analysis-of-alzheimers-disease-mouse-model-brain-coronal-sections-from-one-hemisphere-over-a-time-course-1-standard,4bed0f8a0327,doi:https://www.10xgenomics.com/datasets/xenium-in-situ-analysis-of-alzheimers-disease-mouse-model-brain-coronal-sections-from-one-hemisphere-over-a-time-course-1-standard,4bed0f8a0327,,,10x Genomics,In Situ Gene Expression v1.0,,,"Mouse,brain",10x-scrape,,,
ds_94c86fb27915,"Preservation Method Comparison on Visium CytAssist: Fixed Frozen Mouse Brain (Sagittal), 11 mm Capture Area",Spatial Gene Expression v2 | Mouse | brain,doi,doi:https://www.10xgenomics.com/datasets/preservation-method-comparison-on-visium-cytassist-fixed-frozen-mouse-brain-sagittal-11-mm-capture-area-2-standard,94c86fb27915,doi:https://www.10xgenomics.com/datasets/preservation-method-comparison-on-visium-cytassist-fixed-frozen-mouse-brain-sagittal-11-mm-capture-area-2-standard,94c86fb27915,,,10x Genomics,Spatial Gene Expression v2,,,"Mouse,brain",10x-scrape,,,
ds_ceb0a68819b4,"Preservation Method Comparison on Visium CytAssist: Fresh Frozen Mouse Brain (Sagittal), 11 mm Capture Area",Spatial Gene Expression v2 | Mouse | brain,doi,doi:https://www.10xgenomics.com/datasets/preservation-method-comparison-on-visium-cytassist-fresh-frozen-mouse-brain-sagittal-11-mm-capture-area-2-standard,ceb0a68819b4,doi:https://www.10xgenomics.com/datasets/preservation-method-comparison-on-visium-cytassist-fresh-frozen-mouse-brain-sagittal-11-mm-capture-area-2-standard,ceb0a68819b4,,,10x Genomics,Spatial Gene Expression v2,,,"Mouse,brain",10x-scrape,,,
ds_3d27078819f8,"Preservation Method Comparison on Visium CytAssist: FFPE Mouse Brain (Sagittal), 11 mm Capture Area",Spatial Gene Expression v2 | Mouse | brain,doi,doi:https://www.10xgenomics.com/datasets/preservation-method-comparison-on-visium-cytassist-ffpe-mouse-brain-sagittal-11-mm-capture-area-2-standard,3d27078819f8,doi:https://www.10xgenomics.com/datasets/preservation-method-comparison-on-visium-cytassist-ffpe-mouse-brain-sagittal-11-mm-capture-area-2-standard,3d27078819f8,,,10x Genomics,Spatial Gene Expression v2,,,"Mouse,brain",10x-scrape,,,
ds_0fd8efbdc83d,"Visium CytAssist, Mouse Embryo, 11 mm Capture Area (FFPE)",Spatial Gene Expression v2 | Mouse | embryo,doi,doi:https://www.10xgenomics.com/datasets/visium-cytassist-mouse-embryo-11-mm-capture-area-ffpe-2-standard,0fd8efbdc83d,doi:https://www.10xgenomics.com/datasets/visium-cytassist-mouse-embryo-11-mm-capture-area-ffpe-2-standard,0fd8efbdc83d,,,10x Genomics,Spatial Gene Expression v2,,,"Mouse,embryo",10x-scrape,,,
ds_7acd52b80cdc,Adult Mouse Brain Coronal Section (Fresh Frozen),Spatial Gene Expression v1.0 | Mouse | brain,doi,doi:https://www.10xgenomics.com/datasets/adult-mouse-brain-coronal-section-fresh-frozen-1-standard,7acd52b80cdc,doi:https://www.10xgenomics.com/datasets/adult-mouse-brain-coronal-section-fresh-frozen-1-standard,7acd52b80cdc,,,10x Genomics,Spatial Gene Expression v1.0,,,"Mouse,brain",10x-scrape,,,
ds_47a8fc8707bf,Xenium Human Lung Preview Data,In Situ Gene Expression v1.0 | Human | Lung,doi,doi:https://www.10xgenomics.com/datasets/xenium-human-lung-preview-data-1-standard,47a8fc8707bf,doi:https://www.10xgenomics.com/datasets/xenium-human-lung-preview-data-1-standard,47a8fc8707bf,,,10x Genomics,In Situ Gene Expression v1.0,,,"Human,Lung",10x-scrape,,,
ds_a71e52fd8838,"Visium CytAssist Gene and Protein Expression Library of Human Glioblastoma, IF, 11mm (FFPE)",CytAssist Spatial Gene and Protein Expression v2 | Human | brain,doi,doi:https://www.10xgenomics.com/datasets/gene-and-protein-expression-library-of-human-glioblastoma-cytassist-ffpe-2-standard,a71e52fd8838,doi:https://www.10xgenomics.com/datasets/gene-and-protein-expression-library-of-human-glioblastoma-cytassist-ffpe-2-standard,a71e52fd8838,,,10x Genomics,CytAssist Spatial Gene and Protein Expression v2,,,"Human,brain",10x-scrape,,,
ds_920a1ab31c0b,"Visium CytAssist Gene and Protein Expression Library of Human Breast Cancer, IF, 6.5mm (FFPE)",CytAssist Spatial Gene and Protein Expression v2 | Human | breast,doi,doi:https://www.10xgenomics.com/datasets/gene-and-protein-expression-library-of-human-breast-cancer-cytassist-ffpe-2-standard,920a1ab31c0b,doi:https://www.10xgenomics.com/datasets/gene-and-protein-expression-library-of-human-breast-cancer-cytassist-ffpe-2-standard,920a1ab31c0b,,,10x Genomics,CytAssist Spatial Gene and Protein Expression v2,,,"Human,breast",10x-scrape,,,
ds_98d6305b4162,"Visium CytAssist Gene and Protein Expression Library of Human Tonsil, H&E, 6.5 mm (FFPE)",CytAssist Spatial Gene and Protein Expression v2 | Human | tonsil,doi,doi:https://www.10xgenomics.com/datasets/gene-protein-expression-library-of-human-tonsil-cytassist-ffpe-2-standard,98d6305b4162,doi:https://www.10xgenomics.com/datasets/gene-protein-expression-library-of-human-tonsil-cytassist-ffpe-2-standard,98d6305b4162,,,10x Genomics,CytAssist Spatial Gene and Protein Expression v2,,,"Human,tonsil",10x-scrape,,,
ds_99a68cec0d44,Xenium Human Brain Preview Data,In Situ Gene Expression v1.0 | Human | brain,doi,doi:https://www.10xgenomics.com/datasets/xenium-human-brain-preview-data-1-standard,99a68cec0d44,doi:https://www.10xgenomics.com/datasets/xenium-human-brain-preview-data-1-standard,99a68cec0d44,,,10x Genomics,In Situ Gene Expression v1.0,,,"Human,brain",10x-scrape,,,
ds_5328a9516369,Xenium FFPE Human Breast with Custom Add-on Panel,In Situ Gene Expression v1.0 | Human | breast,doi,doi:https://www.10xgenomics.com/datasets/xenium-ffpe-human-breast-with-custom-add-on-panel-1-standard,5328a9516369,doi:https://www.10xgenomics.com/datasets/xenium-ffpe-human-breast-with-custom-add-on-panel-1-standard,5328a9516369,,,10x Genomics,In Situ Gene Expression v1.0,,,"Human,breast",10x-scrape,,,
ds_c0313f115c3e,"Preservation Method Comparison on CytAssist: FFPE Mouse Brain (Sagittal), 11 mm Capture Area",Spatial Gene Expression v2 | Mouse | brain,doi,doi:https://www.10xgenomics.com/datasets/ffpe-visium-on-cytassist-mouse-brain-probe-based-whole-transcriptome-profiling-2-standard,c0313f115c3e,doi:https://www.10xgenomics.com/datasets/ffpe-visium-on-cytassist-mouse-brain-probe-based-whole-transcriptome-profiling-2-standard,c0313f115c3e,,,10x Genomics,Spatial Gene Expression v2,,,"Mouse,brain",10x-scrape,,,
ds_75fa1205b50e,"Preservation Method Comparison on CytAssist: Fresh Frozen Mouse Brain (Sagittal), 11 mm Capture Area",Spatial Gene Expression v2 | Mouse | brain,doi,doi:https://www.10xgenomics.com/datasets/fresh-frozen-visium-on-cytassist-mouse-brain-probe-based-whole-transcriptome-profiling-2-standard-1,75fa1205b50e,doi:https://www.10xgenomics.com/datasets/fresh-frozen-visium-on-cytassist-mouse-brain-probe-based-whole-transcriptome-profiling-2-standard-1,75fa1205b50e,,,10x Genomics,Spatial Gene Expression v2,,,"Mouse,brain",10x-scrape,,,
ds_d566a43c793c,"Preservation Method Comparison on CytAssist: Fixed Frozen Mouse Brain (Sagittal), 11 mm Capture Area",Spatial Gene Expression v2 | Mouse | brain,doi,doi:https://www.10xgenomics.com/datasets/fixed-frozen-visium-on-cytassist-mouse-brain-probe-based-whole-transcriptome-profiling-2-standard,d566a43c793c,doi:https://www.10xgenomics.com/datasets/fixed-frozen-visium-on-cytassist-mouse-brain-probe-based-whole-transcriptome-profiling-2-standard,d566a43c793c,,,10x Genomics,Spatial Gene Expression v2,,,"Mouse,brain",10x-scrape,,,
ds_12c8f93067a8,Mouse Tissue Microarray in 3x3 Layout with 2 mm Edge to Edge Spacing (FFPE),"Spatial Gene Expression v2 | Mouse | lung, brain",doi,doi:https://www.10xgenomics.com/datasets/mouse-tissue-microarray-in-3x3-layout-with-2-mm-edge-to-edge-spacing-ffpe-2-standard,12c8f93067a8,doi:https://www.10xgenomics.com/datasets/mouse-tissue-microarray-in-3x3-layout-with-2-mm-edge-to-edge-spacing-ffpe-2-standard,12c8f93067a8,,,10x Genomics,Spatial Gene Expression v2,,,"Mouse,lung, brain",10x-scrape,,,
ds_51d0adfec227,Mouse Tissue Microarray in 5x5 Layout with 1 mm Edge to Edge Spacing (FFPE),"Spatial Gene Expression v2 | Mouse | kidney, brain",doi,doi:https://www.10xgenomics.com/datasets/mouse-tissue-microarray-in-5x5-layout-with-1-mm-edge-to-edge-spacing-ffpe-2-standard,51d0adfec227,doi:https://www.10xgenomics.com/datasets/mouse-tissue-microarray-in-5x5-layout-with-1-mm-edge-to-edge-spacing-ffpe-2-standard,51d0adfec227,,,10x Genomics,Spatial Gene Expression v2,,,"Mouse,kidney, brain",10x-scrape,,,
ds_b14a493f5e18,Mouse Tissue Microarray in 3x3 Layout with 1 mm Edge to Edge Spacing (FFPE),"Spatial Gene Expression v2 | Mouse | lung, brain",doi,doi:https://www.10xgenomics.com/datasets/mouse-tissue-microarray-in-3x3-layout-with-1-mm-edge-to-edge-spacing-ffpe-2-standard,b14a493f5e18,doi:https://www.10xgenomics.com/datasets/mouse-tissue-microarray-in-3x3-layout-with-1-mm-edge-to-edge-spacing-ffpe-2-standard,b14a493f5e18,,,10x Genomics,Spatial Gene Expression v2,,,"Mouse,lung, brain",10x-scrape,,,
ds_cb8f5918141a,"Human Brain Cancer, 11 mm Capture Area (FFPE)",Spatial Gene Expression v2 | Human | brain,doi,doi:https://www.10xgenomics.com/datasets/human-brain-cancer-11-mm-capture-area-ffpe-2-standard,cb8f5918141a,doi:https://www.10xgenomics.com/datasets/human-brain-cancer-11-mm-capture-area-ffpe-2-standard,cb8f5918141a,,,10x Genomics,Spatial Gene Expression v2,,,"Human,brain",10x-scrape,,,
ds_9b63bfa9700c,"Human Lung Cancer, 11 mm Capture Area (FFPE)",Spatial Gene Expression v2 | Human | lung,doi,doi:https://www.10xgenomics.com/datasets/human-lung-cancer-11-mm-capture-area-ffpe-2-standard,9b63bfa9700c,doi:https://www.10xgenomics.com/datasets/human-lung-cancer-11-mm-capture-area-ffpe-2-standard,9b63bfa9700c,,,10x Genomics,Spatial Gene Expression v2,,,"Human,lung",10x-scrape,,,
ds_bc6895c4b770,"Human Kidney, 11 mm Capture Area (FFPE)",Spatial Gene Expression v2 | Human | kidney,doi,doi:https://www.10xgenomics.com/datasets/human-kidney-11-mm-capture-area-ffpe-2-standard,bc6895c4b770,doi:https://www.10xgenomics.com/datasets/human-kidney-11-mm-capture-area-ffpe-2-standard,bc6895c4b770,,,10x Genomics,Spatial Gene Expression v2,,,"Human,kidney",10x-scrape,,,
ds_be64f9505b72,"Human Colorectal Cancer, 11 mm Capture Area (FFPE)",Spatial Gene Expression v2 | Human | colorectal,doi,doi:https://www.10xgenomics.com/datasets/human-colorectal-cancer-11-mm-capture-area-ffpe-2-standard,be64f9505b72,doi:https://www.10xgenomics.com/datasets/human-colorectal-cancer-11-mm-capture-area-ffpe-2-standard,be64f9505b72,,,10x Genomics,Spatial Gene Expression v2,,,"Human,colorectal",10x-scrape,,,
ds_58f98c71c5ec,Fresh Frozen Mouse Brain Replicates,In Situ Gene Expression v1.0 | Mouse | brain,doi,doi:https://www.10xgenomics.com/datasets/fresh-frozen-mouse-brain-replicates-1-standard,58f98c71c5ec,doi:https://www.10xgenomics.com/datasets/fresh-frozen-mouse-brain-replicates-1-standard,58f98c71c5ec,,,10x Genomics,In Situ Gene Expression v1.0,,,"Mouse,brain",10x-scrape,,,
ds_6ade666d16a0,FFPE Human Breast using the Entire Sample Area,In Situ Gene Expression v1.0 | Human | breast,doi,doi:https://www.10xgenomics.com/datasets/ffpe-human-breast-using-the-entire-sample-area-1-standard,6ade666d16a0,doi:https://www.10xgenomics.com/datasets/ffpe-human-breast-using-the-entire-sample-area-1-standard,6ade666d16a0,,,10x Genomics,In Situ Gene Expression v1.0,,,"Human,breast",10x-scrape,,,
ds_af866b5a4ea6,FFPE Human Breast with Custom Add-on Panel,In Situ Gene Expression v1.0 | Human | breast,doi,doi:https://www.10xgenomics.com/datasets/ffpe-human-breast-with-custom-add-on-panel-1-standard,af866b5a4ea6,doi:https://www.10xgenomics.com/datasets/ffpe-human-breast-with-custom-add-on-panel-1-standard,af866b5a4ea6,,,10x Genomics,In Situ Gene Expression v1.0,,,"Human,breast",10x-scrape,,,
ds_929da2a2e363,FFPE Human Breast with Pre-designed Panel,In Situ Gene Expression v1.0 | Human | breast,doi,doi:https://www.10xgenomics.com/datasets/ffpe-human-breast-with-pre-designed-panel-1-standard,929da2a2e363,doi:https://www.10xgenomics.com/datasets/ffpe-human-breast-with-pre-designed-panel-1-standard,929da2a2e363,,,10x Genomics,In Situ Gene Expression v1.0,,,"Human,breast",10x-scrape,,,
ds_6b5e401e83d1,Fresh Frozen Mouse Brain for Xenium Explorer Demo,In Situ Gene Expression v1.0 | Mouse | brain,doi,doi:https://www.10xgenomics.com/datasets/fresh-frozen-mouse-brain-for-xenium-explorer-demo-1-standard,6b5e401e83d1,doi:https://www.10xgenomics.com/datasets/fresh-frozen-mouse-brain-for-xenium-explorer-demo-1-standard,6b5e401e83d1,,,10x Genomics,In Situ Gene Expression v1.0,,,"Mouse,brain",10x-scrape,,,
ds_017128f8974a,"Fresh Frozen Visium on CytAssist: Mouse Brain, Probe-Based Whole Transcriptome Profiling",Spatial Gene Expression v2 | Mouse | brain,doi,doi:https://www.10xgenomics.com/datasets/fresh-frozen-visium-on-cytassist-mouse-brain-probe-based-whole-transcriptome-profiling-2-standard,017128f8974a,doi:https://www.10xgenomics.com/datasets/fresh-frozen-visium-on-cytassist-mouse-brain-probe-based-whole-transcriptome-profiling-2-standard,017128f8974a,,,10x Genomics,Spatial Gene Expression v2,,,"Mouse,brain",10x-scrape,,,
ds_be9655c83ef3,"Fresh Frozen Visium on CytAssist: Human Breast Cancer, Probe-Based Whole Transcriptome Profiling",Spatial Gene Expression v2 | Human | breast,doi,doi:https://www.10xgenomics.com/datasets/fresh-frozen-visium-on-cytassist-human-breast-cancer-probe-based-whole-transcriptome-profiling-2-standard,be9655c83ef3,doi:https://www.10xgenomics.com/datasets/fresh-frozen-visium-on-cytassist-human-breast-cancer-probe-based-whole-transcriptome-profiling-2-standard,be9655c83ef3,,,10x Genomics,Spatial Gene Expression v2,,,"Human,breast",10x-scrape,,,
ds_39b9814a0ec2,Adult Mouse Brain Coronal Section (Fresh Frozen),Spatial Gene Expression v1.0 | Mouse | brain,doi,doi:https://www.10xgenomics.com/datasets/adult-mouse-brain-coronal-section-visium-ff-1-standard,39b9814a0ec2,doi:https://www.10xgenomics.com/datasets/adult-mouse-brain-coronal-section-visium-ff-1-standard,39b9814a0ec2,,,10x Genomics,Spatial Gene Expression v1.0,,,"Mouse,brain",10x-scrape,,,
ds_f3480f6733f5,"Mouse Embryo, 11 mm Capture Area (FFPE)",Spatial Gene Expression v2 | Mouse | embryo,doi,doi:https://www.10xgenomics.com/datasets/mouse-embryo-11-mm-capture-area-ffpe-2-standard,f3480f6733f5,doi:https://www.10xgenomics.com/datasets/mouse-embryo-11-mm-capture-area-ffpe-2-standard,f3480f6733f5,,,10x Genomics,Spatial Gene Expression v2,,,"Mouse,embryo",10x-scrape,,,
ds_c1620824ebb7,"Human Ovarian Cancer, 11 mm Capture Area (FFPE)",Spatial Gene Expression v2 | Human | ovary,doi,doi:https://www.10xgenomics.com/datasets/human-ovarian-cancer-11-mm-capture-area-ffpe-2-standard,c1620824ebb7,doi:https://www.10xgenomics.com/datasets/human-ovarian-cancer-11-mm-capture-area-ffpe-2-standard,c1620824ebb7,,,10x Genomics,Spatial Gene Expression v2,,,"Human,ovary",10x-scrape,,,
ds_e461a8b46198,Aggregate of Mouse Brain Sections: CytAssist for FFPE,Spatial Gene Expression v2 | Mouse | brain,doi,doi:https://www.10xgenomics.com/datasets/aggregate-of-mouse-brain-sections-cytassist-for-ffpe-2-standard,e461a8b46198,doi:https://www.10xgenomics.com/datasets/aggregate-of-mouse-brain-sections-cytassist-for-ffpe-2-standard,e461a8b46198,,,10x Genomics,Spatial Gene Expression v2,,,"Mouse,brain",10x-scrape,,,
ds_3f05d8f99f23,"Aggregate of Mouse Brain Sections: Visium Fresh Frozen, Whole Transcriptome",Spatial Gene Expression v1.0 | Mouse | brain,doi,doi:https://www.10xgenomics.com/datasets/aggregate-of-mouse-brain-sections-visium-fresh-frozen-whole-transcriptome-1-standard,3f05d8f99f23,doi:https://www.10xgenomics.com/datasets/aggregate-of-mouse-brain-sections-visium-fresh-frozen-whole-transcriptome-1-standard,3f05d8f99f23,,,10x Genomics,Spatial Gene Expression v1.0,,,"Mouse,brain",10x-scrape,,,
ds_e98c2ea9ae25,Human Lung Cancer (FFPE),Spatial Gene Expression v2 | Human | lung,doi,doi:https://www.10xgenomics.com/datasets/human-lung-cancer-ffpe-2-standard,e98c2ea9ae25,doi:https://www.10xgenomics.com/datasets/human-lung-cancer-ffpe-2-standard,e98c2ea9ae25,,,10x Genomics,Spatial Gene Expression v2,,,"Human,lung",10x-scrape,,,
ds_9a9bd66ac4ac,Mouse Brain Coronal Section 2 (FFPE),Spatial Gene Expression v2 | Mouse | brain,doi,doi:https://www.10xgenomics.com/datasets/mouse-brain-coronal-section-2-ffpe-2-standard,9a9bd66ac4ac,doi:https://www.10xgenomics.com/datasets/mouse-brain-coronal-section-2-ffpe-2-standard,9a9bd66ac4ac,,,10x Genomics,Spatial Gene Expression v2,,,"Mouse,brain",10x-scrape,,,
ds_8ac4245874b4,Mouse Brain Coronal Section 1 (FFPE),Spatial Gene Expression v2 | Mouse | brain,doi,doi:https://www.10xgenomics.com/datasets/mouse-brain-coronal-section-1-ffpe-2-standard,8ac4245874b4,doi:https://www.10xgenomics.com/datasets/mouse-brain-coronal-section-1-ffpe-2-standard,8ac4245874b4,,,10x Genomics,Spatial Gene Expression v2,,,"Mouse,brain",10x-scrape,,,
ds_9b22b52d14c7,"Human Melanoma, IF Stained (FFPE)",Spatial Gene Expression v2 | Human | skin,doi,doi:https://www.10xgenomics.com/datasets/human-melanoma-if-stained-ffpe-2-standard,9b22b52d14c7,doi:https://www.10xgenomics.com/datasets/human-melanoma-if-stained-ffpe-2-standard,9b22b52d14c7,,,10x Genomics,Spatial Gene Expression v2,,,"Human,skin",10x-scrape,,,
ds_afe42b915d27,Adult Mouse Olfactory Bulb,Spatial Gene Expression v1.0 | Mouse | olfactory bulb,doi,doi:https://www.10xgenomics.com/datasets/adult-mouse-olfactory-bulb-1-standard-1,afe42b915d27,doi:https://www.10xgenomics.com/datasets/adult-mouse-olfactory-bulb-1-standard-1,afe42b915d27,,,10x Genomics,Spatial Gene Expression v1.0,,,"Mouse,olfactory bulb",10x-scrape,,,
ds_ef1181b1ea41,"Human Prostate Cancer, Adjacent Normal Section with IF Staining (FFPE)",Spatial Gene Expression v1.0 | Human | prostate,doi,doi:https://www.10xgenomics.com/datasets/human-prostate-cancer-adjacent-normal-section-with-if-staining-ffpe-1-standard,ef1181b1ea41,doi:https://www.10xgenomics.com/datasets/human-prostate-cancer-adjacent-normal-section-with-if-staining-ffpe-1-standard,ef1181b1ea41,,,10x Genomics,Spatial Gene Expression v1.0,,,"Human,prostate",10x-scrape,,,
ds_1c5916e11ee8,"Human Cerebellum: Targeted, Neuroscience Panel",Spatial Gene Expression v1.0 | Human | cerebellum,doi,doi:https://www.10xgenomics.com/datasets/human-cerebellum-targeted-neuroscience-panel-1-standard,1c5916e11ee8,doi:https://www.10xgenomics.com/datasets/human-cerebellum-targeted-neuroscience-panel-1-standard,1c5916e11ee8,,,10x Genomics,Spatial Gene Expression v1.0,,,"Human,cerebellum",10x-scrape,,,
ds_2bf66193cc03,Mouse Brain Serial Section 2 (Sagittal-Anterior),Spatial Gene Expression v1.0 | Mouse | brain,doi,doi:https://www.10xgenomics.com/datasets/mouse-brain-serial-section-2-sagittal-anterior-1-standard,2bf66193cc03,doi:https://www.10xgenomics.com/datasets/mouse-brain-serial-section-2-sagittal-anterior-1-standard,2bf66193cc03,,,10x Genomics,Spatial Gene Expression v1.0,,,"Mouse,brain",10x-scrape,,,
ds_4cad5fe17e72,Mouse Brain Serial Section 2 (Sagittal-Posterior),Spatial Gene Expression v1.0 | Mouse | brain,doi,doi:https://www.10xgenomics.com/datasets/mouse-brain-serial-section-2-sagittal-posterior-1-standard,4cad5fe17e72,doi:https://www.10xgenomics.com/datasets/mouse-brain-serial-section-2-sagittal-posterior-1-standard,4cad5fe17e72,,,10x Genomics,Spatial Gene Expression v1.0,,,"Mouse,brain",10x-scrape,,,
ds_696554ef6666,"Human Breast Cancer: Visium Fresh Frozen, Whole Transcriptome",Spatial Gene Expression v1.0 | Human | breast,doi,doi:https://www.10xgenomics.com/datasets/human-breast-cancer-visium-fresh-frozen-whole-transcriptome-1-standard,696554ef6666,doi:https://www.10xgenomics.com/datasets/human-breast-cancer-visium-fresh-frozen-whole-transcriptome-1-standard,696554ef6666,,,10x Genomics,Spatial Gene Expression v1.0,,,"Human,breast",10x-scrape,,,
ds_8ed9acfcd684,Mouse Brain Section (Coronal),Spatial Gene Expression v1.0 | Mouse | brain,doi,doi:https://www.10xgenomics.com/datasets/mouse-brain-section-coronal-1-standard,8ed9acfcd684,doi:https://www.10xgenomics.com/datasets/mouse-brain-section-coronal-1-standard,8ed9acfcd684,,,10x Genomics,Spatial Gene Expression v1.0,,,"Mouse,brain",10x-scrape,,,
ds_3f751b2a3961,Human Ovarian Cancer (FFPE),Spatial Gene Expression v1.0 | Human | ovary,doi,doi:https://www.10xgenomics.com/datasets/human-ovarian-cancer-1-standard,3f751b2a3961,doi:https://www.10xgenomics.com/datasets/human-ovarian-cancer-1-standard,3f751b2a3961,,,10x Genomics,Spatial Gene Expression v1.0,,,"Human,ovary",10x-scrape,,,
ds_fd282276bdd8,Human Cervical Cancer (FFPE),Spatial Gene Expression v1.0 | Human | cervix,doi,doi:https://www.10xgenomics.com/datasets/human-cervical-cancer-1-standard,fd282276bdd8,doi:https://www.10xgenomics.com/datasets/human-cervical-cancer-1-standard,fd282276bdd8,,,10x Genomics,Spatial Gene Expression v1.0,,,"Human,cervix",10x-scrape,,,
ds_654b9341557e,Human Intestine Cancer (FPPE),Spatial Gene Expression v1.0 | Human | large intestine,doi,doi:https://www.10xgenomics.com/datasets/human-intestine-cancer-1-standard,654b9341557e,doi:https://www.10xgenomics.com/datasets/human-intestine-cancer-1-standard,654b9341557e,,,10x Genomics,Spatial Gene Expression v1.0,,,"Human,large intestine",10x-scrape,,,
ds_bcfa25e663c7,Adult Mouse Olfactory Bulb,Spatial Gene Expression v1.0 | Mouse | olfactory bulb,doi,doi:https://www.10xgenomics.com/datasets/adult-mouse-olfactory-bulb-1-standard,bcfa25e663c7,doi:https://www.10xgenomics.com/datasets/adult-mouse-olfactory-bulb-1-standard,bcfa25e663c7,,,10x Genomics,Spatial Gene Expression v1.0,,,"Mouse,olfactory bulb",10x-scrape,,,
ds_99668fa27711,Multiomic Integration Neuroscience Application Note: Visium for FFPE Plus Immunofluorescence Alzheimer's Disease Mouse Model Brain Coronal Sections from One Hemisphere Over a Time Course,Spatial Gene Expression v1.0 | Mouse | brain,doi,doi:https://www.10xgenomics.com/datasets/multiomic-integration-neuroscience-application-note-visium-for-ffpe-plus-immunofluorescence-alzheimers-disease-mouse-model-brain-coronal-sections-from-one-hemisphere-over-a-time-course-1-standard,99668fa27711,doi:https://www.10xgenomics.com/datasets/multiomic-integration-neuroscience-application-note-visium-for-ffpe-plus-immunofluorescence-alzheimers-disease-mouse-model-brain-coronal-sections-from-one-hemisphere-over-a-time-course-1-standard,99668fa27711,,,10x Genomics,Spatial Gene Expression v1.0,,,"Mouse,brain",10x-scrape,,,
ds_fc0260c2f45b,"Human Prostate Cancer, Acinar Cell Carcinoma (FFPE)",Spatial Gene Expression v1.0 | Human | prostate,doi,doi:https://www.10xgenomics.com/datasets/human-prostate-cancer-acinar-cell-carcinoma-ffpe-1-standard,fc0260c2f45b,doi:https://www.10xgenomics.com/datasets/human-prostate-cancer-acinar-cell-carcinoma-ffpe-1-standard,fc0260c2f45b,,,10x Genomics,Spatial Gene Expression v1.0,,,"Human,prostate",10x-scrape,,,
ds_90854a828336,Adult Mouse Kidney (FFPE),Spatial Gene Expression v1.0 | Mouse | kidney,doi,doi:https://www.10xgenomics.com/datasets/adult-mouse-kidney-ffpe-1-standard-1-3-0,90854a828336,doi:https://www.10xgenomics.com/datasets/adult-mouse-kidney-ffpe-1-standard-1-3-0,90854a828336,,,10x Genomics,Spatial Gene Expression v1.0,,,"Mouse,kidney",10x-scrape,,,
ds_dd5ad9b47ed4,"Adult Mouse Brain, IF Stained (FFPE)",Spatial Gene Expression v1.0 | Mouse | brain,doi,doi:https://www.10xgenomics.com/datasets/adult-mouse-brain-if-stained-ffpe-1-standard-1-3-0,dd5ad9b47ed4,doi:https://www.10xgenomics.com/datasets/adult-mouse-brain-if-stained-ffpe-1-standard-1-3-0,dd5ad9b47ed4,,,10x Genomics,Spatial Gene Expression v1.0,,,"Mouse,brain",10x-scrape,,,
ds_cf3a05a359ff,Adult Mouse Brain (FFPE),Spatial Gene Expression v1.0 | Mouse | brain,doi,doi:https://www.10xgenomics.com/datasets/adult-mouse-brain-ffpe-1-standard-1-3-0,cf3a05a359ff,doi:https://www.10xgenomics.com/datasets/adult-mouse-brain-ffpe-1-standard-1-3-0,cf3a05a359ff,,,10x Genomics,Spatial Gene Expression v1.0,,,"Mouse,brain",10x-scrape,,,
ds_af4461d4de95,"Human Prostate Cancer, Adjacent Normal Section with IF Staining (FFPE)",Spatial Gene Expression v1.0 | Human | prostate,doi,doi:https://www.10xgenomics.com/datasets/human-prostate-cancer-adjacent-normal-section-with-if-staining-ffpe-1-standard-1-3-0,af4461d4de95,doi:https://www.10xgenomics.com/datasets/human-prostate-cancer-adjacent-normal-section-with-if-staining-ffpe-1-standard-1-3-0,af4461d4de95,,,10x Genomics,Spatial Gene Expression v1.0,,,"Human,prostate",10x-scrape,,,
ds_cd58aeadda2d,Normal Human Prostate (FFPE),Spatial Gene Expression v1.0 | Human | prostate,doi,doi:https://www.10xgenomics.com/datasets/normal-human-prostate-ffpe-1-standard-1-3-0,cd58aeadda2d,doi:https://www.10xgenomics.com/datasets/normal-human-prostate-ffpe-1-standard-1-3-0,cd58aeadda2d,,,10x Genomics,Spatial Gene Expression v1.0,,,"Human,prostate",10x-scrape,,,
ds_ebe1ac6411c4,"Human Prostate Cancer, Adenocarcinoma with Invasive Carcinoma (FFPE)",Spatial Gene Expression v1.0 | Human | prostate,doi,doi:https://www.10xgenomics.com/datasets/human-prostate-cancer-adenocarcinoma-with-invasive-carcinoma-ffpe-1-standard-1-3-0,ebe1ac6411c4,doi:https://www.10xgenomics.com/datasets/human-prostate-cancer-adenocarcinoma-with-invasive-carcinoma-ffpe-1-standard-1-3-0,ebe1ac6411c4,,,10x Genomics,Spatial Gene Expression v1.0,,,"Human,prostate",10x-scrape,,,
ds_2d56180094b2,"Human Breast Cancer: Ductal Carcinoma In Situ, Invasive Carcinoma (FFPE)",Spatial Gene Expression v1.0 | Human | breast,doi,doi:https://www.10xgenomics.com/datasets/human-breast-cancer-ductal-carcinoma-in-situ-invasive-carcinoma-ffpe-1-standard-1-3-0,2d56180094b2,doi:https://www.10xgenomics.com/datasets/human-breast-cancer-ductal-carcinoma-in-situ-invasive-carcinoma-ffpe-1-standard-1-3-0,2d56180094b2,,,10x Genomics,Spatial Gene Expression v1.0,,,"Human,breast",10x-scrape,,,
ds_23e6daa59711,Invasive Ductal Carcinoma Stained With Fluorescent CD3 Antibody,Spatial Gene Expression v1.0 | Human | breast,doi,doi:https://www.10xgenomics.com/datasets/invasive-ductal-carcinoma-stained-with-fluorescent-cd-3-antibody-1-standard-1-2-0,23e6daa59711,doi:https://www.10xgenomics.com/datasets/invasive-ductal-carcinoma-stained-with-fluorescent-cd-3-antibody-1-standard-1-2-0,23e6daa59711,,,10x Genomics,Spatial Gene Expression v1.0,,,"Human,breast",10x-scrape,,,
ds_3f9210a337d9,"Human Spinal Cord: Whole Transcriptome Analysis. Stains: DAPI, Anti-SNAP25, Anti-GFAP, Anti-Myelin CNPase",Spatial Gene Expression v1.0 | Human | spinal cord,doi,doi:https://www.10xgenomics.com/datasets/human-spinal-cord-whole-transcriptome-analysis-stains-dapi-anti-snap-25-anti-gfap-anti-myelin-cn-pase-1-standard-1-2-0,3f9210a337d9,doi:https://www.10xgenomics.com/datasets/human-spinal-cord-whole-transcriptome-analysis-stains-dapi-anti-snap-25-anti-gfap-anti-myelin-cn-pase-1-standard-1-2-0,3f9210a337d9,,,10x Genomics,Spatial Gene Expression v1.0,,,"Human,spinal cord",10x-scrape,,,
ds_a7508064d638,"Human Spinal Cord: Targeted, Neuroscience Panel. Stains: DAPI, Anti-SNAP25, Anti-GFAP, Anti-Myelin CNPase",Spatial Gene Expression v1.0 | Human | spinal cord,doi,doi:https://www.10xgenomics.com/datasets/human-spinal-cord-targeted-neuroscience-panel-stains-dapi-anti-snap-25-anti-gfap-anti-myelin-cn-pase-1-standard-1-2-0,a7508064d638,doi:https://www.10xgenomics.com/datasets/human-spinal-cord-targeted-neuroscience-panel-stains-dapi-anti-snap-25-anti-gfap-anti-myelin-cn-pase-1-standard-1-2-0,a7508064d638,,,10x Genomics,Spatial Gene Expression v1.0,,,"Human,spinal cord",10x-scrape,,,
ds_fc9513c0b0e2,"Human Ovarian Cancer: Whole Transcriptome Analysis. Stains: DAPI, Anti-PanCK, Anti-CD45",Spatial Gene Expression v1.0 | Human | ovary,doi,doi:https://www.10xgenomics.com/datasets/human-ovarian-cancer-whole-transcriptome-analysis-stains-dapi-anti-pan-ck-anti-cd-45-1-standard-1-2-0,fc9513c0b0e2,doi:https://www.10xgenomics.com/datasets/human-ovarian-cancer-whole-transcriptome-analysis-stains-dapi-anti-pan-ck-anti-cd-45-1-standard-1-2-0,fc9513c0b0e2,,,10x Genomics,Spatial Gene Expression v1.0,,,"Human,ovary",10x-scrape,,,
ds_01ef791bcc5a,"Human Ovarian Cancer: Targeted, Pan-Cancer Panel. Stains: DAPI, Anti-PanCK, Anti-CD45",Spatial Gene Expression v1.0 | Human | ovary,doi,doi:https://www.10xgenomics.com/datasets/human-ovarian-cancer-targeted-pan-cancer-panel-stains-dapi-anti-pan-ck-anti-cd-45-1-standard-1-2-0,01ef791bcc5a,doi:https://www.10xgenomics.com/datasets/human-ovarian-cancer-targeted-pan-cancer-panel-stains-dapi-anti-pan-ck-anti-cd-45-1-standard-1-2-0,01ef791bcc5a,,,10x Genomics,Spatial Gene Expression v1.0,,,"Human,ovary",10x-scrape,,,
ds_19d8e7eabb9c,"Human Ovarian Cancer: Targeted, Immunology Panel.  Stains: DAPI, Anti-PanCK, Anti-CD45",Spatial Gene Expression v1.0 | Human | ovary,doi,doi:https://www.10xgenomics.com/datasets/human-ovarian-cancer-targeted-immunology-panel-stains-dapi-anti-pan-ck-anti-cd-45-1-standard-1-2-0,19d8e7eabb9c,doi:https://www.10xgenomics.com/datasets/human-ovarian-cancer-targeted-immunology-panel-stains-dapi-anti-pan-ck-anti-cd-45-1-standard-1-2-0,19d8e7eabb9c,,,10x Genomics,Spatial Gene Expression v1.0,,,"Human,ovary",10x-scrape,,,
ds_2af3be5b93ae,"Human Ovarian Cancer: Targeted-Compare, Immunology Panel. Stains: DAPI, Anti-PanCK, Anti-CD45",Spatial Gene Expression v1.0 | Human | ovary,doi,doi:https://www.10xgenomics.com/datasets/human-ovarian-cancer-targeted-compare-immunology-panel-stains-dapi-anti-pan-ck-anti-cd-45-1-standard-1-2-0,2af3be5b93ae,doi:https://www.10xgenomics.com/datasets/human-ovarian-cancer-targeted-compare-immunology-panel-stains-dapi-anti-pan-ck-anti-cd-45-1-standard-1-2-0,2af3be5b93ae,,,10x Genomics,Spatial Gene Expression v1.0,,,"Human,ovary",10x-scrape,,,
ds_c010f09c4ab7,Human Glioblastoma: Whole Transcriptome Analysis,Spatial Gene Expression v1.0 | Human | brain,doi,doi:https://www.10xgenomics.com/datasets/human-glioblastoma-whole-transcriptome-analysis-1-standard-1-2-0,c010f09c4ab7,doi:https://www.10xgenomics.com/datasets/human-glioblastoma-whole-transcriptome-analysis-1-standard-1-2-0,c010f09c4ab7,,,10x Genomics,Spatial Gene Expression v1.0,,,"Human,brain",10x-scrape,,,
ds_81d75787d93b,"Human Glioblastoma: Targeted, Pan-Cancer Panel",Spatial Gene Expression v1.0 | Human | brain,doi,doi:https://www.10xgenomics.com/datasets/human-glioblastoma-targeted-pan-cancer-panel-1-standard-1-2-0,81d75787d93b,doi:https://www.10xgenomics.com/datasets/human-glioblastoma-targeted-pan-cancer-panel-1-standard-1-2-0,81d75787d93b,,,10x Genomics,Spatial Gene Expression v1.0,,,"Human,brain",10x-scrape,,,
ds_1eaba3fd8537,Human Colorectal Cancer: Whole Transcriptome Analysis,Spatial Gene Expression v1.0 | Human | large intestine,doi,doi:https://www.10xgenomics.com/datasets/human-colorectal-cancer-whole-transcriptome-analysis-1-standard-1-2-0,1eaba3fd8537,doi:https://www.10xgenomics.com/datasets/human-colorectal-cancer-whole-transcriptome-analysis-1-standard-1-2-0,1eaba3fd8537,,,10x Genomics,Spatial Gene Expression v1.0,,,"Human,large intestine",10x-scrape,,,
ds_a353667cc0b1,"Human Colorectal Cancer: Targeted, Gene Signature Panel",Spatial Gene Expression v1.0 | Human | large intestine,doi,doi:https://www.10xgenomics.com/datasets/human-colorectal-cancer-targeted-gene-signature-panel-1-standard-1-2-0,a353667cc0b1,doi:https://www.10xgenomics.com/datasets/human-colorectal-cancer-targeted-gene-signature-panel-1-standard-1-2-0,a353667cc0b1,,,10x Genomics,Spatial Gene Expression v1.0,,,"Human,large intestine",10x-scrape,,,
ds_61d726c8821c,Human Cerebellum: Whole Transcriptome Analysis,"Spatial Gene Expression v1.0 | Human | brain, cerebellum",doi,doi:https://www.10xgenomics.com/datasets/human-cerebellum-whole-transcriptome-analysis-1-standard-1-2-0,61d726c8821c,doi:https://www.10xgenomics.com/datasets/human-cerebellum-whole-transcriptome-analysis-1-standard-1-2-0,61d726c8821c,,,10x Genomics,Spatial Gene Expression v1.0,,,"Human,brain, cerebellum",10x-scrape,,,
ds_29ec1e50bdfe,"Human Cerebellum: Targeted, Neuroscience Panel","Spatial Gene Expression v1.0 | Human | brain, cerebellum",doi,doi:https://www.10xgenomics.com/datasets/human-cerebellum-targeted-neuroscience-panel-1-standard-1-2-0,29ec1e50bdfe,doi:https://www.10xgenomics.com/datasets/human-cerebellum-targeted-neuroscience-panel-1-standard-1-2-0,29ec1e50bdfe,,,10x Genomics,Spatial Gene Expression v1.0,,,"Human,brain, cerebellum",10x-scrape,,,
ds_02b7beb3b5ec,"Human Cerebellum: Targeted-Compare, Neuroscience Panel","Spatial Gene Expression v1.0 | Human | brain, cerebellum",doi,doi:https://www.10xgenomics.com/datasets/human-cerebellum-targeted-compare-neuroscience-panel-1-standard-1-2-0,02b7beb3b5ec,doi:https://www.10xgenomics.com/datasets/human-cerebellum-targeted-compare-neuroscience-panel-1-standard-1-2-0,02b7beb3b5ec,,,10x Genomics,Spatial Gene Expression v1.0,,,"Human,brain, cerebellum",10x-scrape,,,
ds_1113158a20ab,Human Breast Cancer: Whole Transcriptome Analysis,Spatial Gene Expression v1.0 | Human | breast,doi,doi:https://www.10xgenomics.com/datasets/human-breast-cancer-whole-transcriptome-analysis-1-standard-1-2-0,1113158a20ab,doi:https://www.10xgenomics.com/datasets/human-breast-cancer-whole-transcriptome-analysis-1-standard-1-2-0,1113158a20ab,,,10x Genomics,Spatial Gene Expression v1.0,,,"Human,breast",10x-scrape,,,
ds_415747ddd301,"Human Breast Cancer: Targeted, Immunology Panel",Spatial Gene Expression v1.0 | Human | breast,doi,doi:https://www.10xgenomics.com/datasets/human-breast-cancer-targeted-immunology-panel-1-standard-1-2-0,415747ddd301,doi:https://www.10xgenomics.com/datasets/human-breast-cancer-targeted-immunology-panel-1-standard-1-2-0,415747ddd301,,,10x Genomics,Spatial Gene Expression v1.0,,,"Human,breast",10x-scrape,,,
ds_1f13277e6911,Mouse Kidney Section (Coronal),Spatial Gene Expression v1.0 | Mouse | kidney,doi,doi:https://www.10xgenomics.com/datasets/mouse-kidney-section-coronal-1-standard-1-1-0,1f13277e6911,doi:https://www.10xgenomics.com/datasets/mouse-kidney-section-coronal-1-standard-1-1-0,1f13277e6911,,,10x Genomics,Spatial Gene Expression v1.0,,,"Mouse,kidney",10x-scrape,,,
ds_69a28f18e3cb,Mouse Brain Serial Section 2 (Sagittal-Posterior),Spatial Gene Expression v1.0 | Mouse | brain,doi,doi:https://www.10xgenomics.com/datasets/mouse-brain-serial-section-2-sagittal-posterior-1-standard-1-1-0,69a28f18e3cb,doi:https://www.10xgenomics.com/datasets/mouse-brain-serial-section-2-sagittal-posterior-1-standard-1-1-0,69a28f18e3cb,,,10x Genomics,Spatial Gene Expression v1.0,,,"Mouse,brain",10x-scrape,,,
ds_8e66cce199a2,Mouse Brain Serial Section 2 (Sagittal-Anterior),Spatial Gene Expression v1.0 | Mouse | brain,doi,doi:https://www.10xgenomics.com/datasets/mouse-brain-serial-section-2-sagittal-anterior-1-standard-1-1-0,8e66cce199a2,doi:https://www.10xgenomics.com/datasets/mouse-brain-serial-section-2-sagittal-anterior-1-standard-1-1-0,8e66cce199a2,,,10x Genomics,Spatial Gene Expression v1.0,,,"Mouse,brain",10x-scrape,,,
ds_dfd58dfe7c46,Mouse Brain Serial Section 1 (Sagittal-Posterior),Spatial Gene Expression v1.0 | Mouse | brain,doi,doi:https://www.10xgenomics.com/datasets/mouse-brain-serial-section-1-sagittal-posterior-1-standard-1-1-0,dfd58dfe7c46,doi:https://www.10xgenomics.com/datasets/mouse-brain-serial-section-1-sagittal-posterior-1-standard-1-1-0,dfd58dfe7c46,,,10x Genomics,Spatial Gene Expression v1.0,,,"Mouse,brain",10x-scrape,,,
ds_7416f7aa4452,Mouse Brain Serial Section 1 (Sagittal-Anterior),Spatial Gene Expression v1.0 | Mouse | brain,doi,doi:https://www.10xgenomics.com/datasets/mouse-brain-serial-section-1-sagittal-anterior-1-standard-1-1-0,7416f7aa4452,doi:https://www.10xgenomics.com/datasets/mouse-brain-serial-section-1-sagittal-anterior-1-standard-1-1-0,7416f7aa4452,,,10x Genomics,Spatial Gene Expression v1.0,,,"Mouse,brain",10x-scrape,,,
ds_84e42afc82af,Mouse Brain Section (Coronal),Spatial Gene Expression v1.0 | Mouse | brain,doi,doi:https://www.10xgenomics.com/datasets/mouse-brain-section-coronal-1-standard-1-1-0,84e42afc82af,doi:https://www.10xgenomics.com/datasets/mouse-brain-section-coronal-1-standard-1-1-0,84e42afc82af,,,10x Genomics,Spatial Gene Expression v1.0,,,"Mouse,brain",10x-scrape,,,
ds_2f9aaed25a7d,Human Lymph Node,Spatial Gene Expression v1.0 | Human | lymph node,doi,doi:https://www.10xgenomics.com/datasets/human-lymph-node-1-standard-1-1-0,2f9aaed25a7d,doi:https://www.10xgenomics.com/datasets/human-lymph-node-1-standard-1-1-0,2f9aaed25a7d,,,10x Genomics,Spatial Gene Expression v1.0,,,"Human,lymph node",10x-scrape,,,
ds_8d670944f3b6,Human Heart,Spatial Gene Expression v1.0 | Human | heart,doi,doi:https://www.10xgenomics.com/datasets/human-heart-1-standard-1-1-0,8d670944f3b6,doi:https://www.10xgenomics.com/datasets/human-heart-1-standard-1-1-0,8d670944f3b6,,,10x Genomics,Spatial Gene Expression v1.0,,,"Human,heart",10x-scrape,,,
ds_d7047e336c16,Human Breast Cancer (Block A Section 2),Spatial Gene Expression v1.0 | Human | breast,doi,doi:https://www.10xgenomics.com/datasets/human-breast-cancer-block-a-section-2-1-standard-1-1-0,d7047e336c16,doi:https://www.10xgenomics.com/datasets/human-breast-cancer-block-a-section-2-1-standard-1-1-0,d7047e336c16,,,10x Genomics,Spatial Gene Expression v1.0,,,"Human,breast",10x-scrape,,,
ds_51363dfdaf30,Human Breast Cancer (Block A Section 1),Spatial Gene Expression v1.0 | Human | breast,doi,doi:https://www.10xgenomics.com/datasets/human-breast-cancer-block-a-section-1-1-standard-1-1-0,51363dfdaf30,doi:https://www.10xgenomics.com/datasets/human-breast-cancer-block-a-section-1-1-standard-1-1-0,51363dfdaf30,,,10x Genomics,Spatial Gene Expression v1.0,,,"Human,breast",10x-scrape,,,
ds_465919c1d522,"Adult Mouse Brain Section 2 (Coronal). Stains: DAPI, Anti-GFAP, Anti-NeuN",Spatial Gene Expression v1.0 | Mouse | brain,doi,doi:https://www.10xgenomics.com/datasets/adult-mouse-brain-section-2-coronal-stains-dapi-anti-gfap-anti-neu-n-1-standard-1-1-0,465919c1d522,doi:https://www.10xgenomics.com/datasets/adult-mouse-brain-section-2-coronal-stains-dapi-anti-gfap-anti-neu-n-1-standard-1-1-0,465919c1d522,,,10x Genomics,Spatial Gene Expression v1.0,,,"Mouse,brain",10x-scrape,,,
ds_0ed5874a9319,"Adult Mouse Brain Section 1 (Coronal). Stains: DAPI, Anti-NeuN",Spatial Gene Expression v1.0 | Mouse | brain,doi,doi:https://www.10xgenomics.com/datasets/adult-mouse-brain-section-1-coronal-stains-dapi-anti-neu-n-1-standard-1-1-0,0ed5874a9319,doi:https://www.10xgenomics.com/datasets/adult-mouse-brain-section-1-coronal-stains-dapi-anti-neu-n-1-standard-1-1-0,0ed5874a9319,,,10x Genomics,Spatial Gene Expression v1.0,,,"Mouse,brain",10x-scrape,,,
ds_4ce8b94d2f51,"Adult Human Brain 2 (Cerebral Cortex, Unknown orientation). Stains: Anti-SNAP25, Anti-NFH",Spatial Gene Expression v1.0 | Human | brain,doi,doi:https://www.10xgenomics.com/datasets/adult-human-brain-2-cerebral-cortex-unknown-orientation-stains-anti-snap-25-anti-nfh-1-standard-1-1-0,4ce8b94d2f51,doi:https://www.10xgenomics.com/datasets/adult-human-brain-2-cerebral-cortex-unknown-orientation-stains-anti-snap-25-anti-nfh-1-standard-1-1-0,4ce8b94d2f51,,,10x Genomics,Spatial Gene Expression v1.0,,,"Human,brain",10x-scrape,,,
ds_9e81974a0c27,"Adult Human Brain 1 (Cerebral Cortex, Unknown orientation). Stains: Anti-GFAP, Anti-NFH",Spatial Gene Expression v1.0 | Human | brain,doi,doi:https://www.10xgenomics.com/datasets/adult-human-brain-1-cerebral-cortex-unknown-orientation-stains-anti-gfap-anti-nfh-1-standard-1-1-0,9e81974a0c27,doi:https://www.10xgenomics.com/datasets/adult-human-brain-1-cerebral-cortex-unknown-orientation-stains-anti-gfap-anti-nfh-1-standard-1-1-0,9e81974a0c27,,,10x Genomics,Spatial Gene Expression v1.0,,,"Human,brain",10x-scrape,,,
ds_a30e0405f8e9,Human Lymph Node,Spatial Gene Expression v1.0 | Human | lymph node,doi,doi:https://www.10xgenomics.com/datasets/human-lymph-node-1-standard-1-0-0,a30e0405f8e9,doi:https://www.10xgenomics.com/datasets/human-lymph-node-1-standard-1-0-0,a30e0405f8e9,,,10x Genomics,Spatial Gene Expression v1.0,,,"Human,lymph node",10x-scrape,,,
ds_c3f5e266cd52,Human Heart,Spatial Gene Expression v1.0 | Human | heart,doi,doi:https://www.10xgenomics.com/datasets/human-heart-1-standard-1-0-0,c3f5e266cd52,doi:https://www.10xgenomics.com/datasets/human-heart-1-standard-1-0-0,c3f5e266cd52,,,10x Genomics,Spatial Gene Expression v1.0,,,"Human,heart",10x-scrape,,,
ds_9b80617e2e03,Human Breast Cancer (Block A Section 2),Spatial Gene Expression v1.0 | Human | breast,doi,doi:https://www.10xgenomics.com/datasets/human-breast-cancer-block-a-section-2-1-standard-1-0-0,9b80617e2e03,doi:https://www.10xgenomics.com/datasets/human-breast-cancer-block-a-section-2-1-standard-1-0-0,9b80617e2e03,,,10x Genomics,Spatial Gene Expression v1.0,,,"Human,breast",10x-scrape,,,
ds_86a246239e0b,Human Breast Cancer (Block A Section 1),Spatial Gene Expression v1.0 | Human | breast,doi,doi:https://www.10xgenomics.com/datasets/human-breast-cancer-block-a-section-1-1-standard-1-0-0,86a246239e0b,doi:https://www.10xgenomics.com/datasets/human-breast-cancer-block-a-section-1-1-standard-1-0-0,86a246239e0b,,,10x Genomics,Spatial Gene Expression v1.0,,,"Human,breast",10x-scrape,,,
ds_7b4000555c07,Mouse Kidney Section (Coronal),Spatial Gene Expression v1.0 | Mouse | kidney,doi,doi:https://www.10xgenomics.com/datasets/mouse-kidney-section-coronal-1-standard-1-0-0,7b4000555c07,doi:https://www.10xgenomics.com/datasets/mouse-kidney-section-coronal-1-standard-1-0-0,7b4000555c07,,,10x Genomics,Spatial Gene Expression v1.0,,,"Mouse,kidney",10x-scrape,,,
ds_ab438aecaf7f,Mouse Brain Serial Section 2 (Sagittal-Posterior),Spatial Gene Expression v1.0 | Mouse | brain,doi,doi:https://www.10xgenomics.com/datasets/mouse-brain-serial-section-2-sagittal-posterior-1-standard-1-0-0,ab438aecaf7f,doi:https://www.10xgenomics.com/datasets/mouse-brain-serial-section-2-sagittal-posterior-1-standard-1-0-0,ab438aecaf7f,,,10x Genomics,Spatial Gene Expression v1.0,,,"Mouse,brain",10x-scrape,,,
ds_1de2985b5cea,Mouse Brain Serial Section 2 (Sagittal-Anterior),Spatial Gene Expression v1.0 | Mouse | brain,doi,doi:https://www.10xgenomics.com/datasets/mouse-brain-serial-section-2-sagittal-anterior-1-standard-1-0-0,1de2985b5cea,doi:https://www.10xgenomics.com/datasets/mouse-brain-serial-section-2-sagittal-anterior-1-standard-1-0-0,1de2985b5cea,,,10x Genomics,Spatial Gene Expression v1.0,,,"Mouse,brain",10x-scrape,,,
ds_bb60c287df56,Mouse Brain Serial Section 1 (Sagittal-Posterior),Spatial Gene Expression v1.0 | Mouse | brain,doi,doi:https://www.10xgenomics.com/datasets/mouse-brain-serial-section-1-sagittal-posterior-1-standard-1-0-0,bb60c287df56,doi:https://www.10xgenomics.com/datasets/mouse-brain-serial-section-1-sagittal-posterior-1-standard-1-0-0,bb60c287df56,,,10x Genomics,Spatial Gene Expression v1.0,,,"Mouse,brain",10x-scrape,,,
ds_94cf5f81a5c9,Mouse Brain Serial Section 1 (Sagittal-Anterior),Spatial Gene Expression v1.0 | Mouse | brain,doi,doi:https://www.10xgenomics.com/datasets/mouse-brain-serial-section-1-sagittal-anterior-1-standard-1-0-0,94cf5f81a5c9,doi:https://www.10xgenomics.com/datasets/mouse-brain-serial-section-1-sagittal-anterior-1-standard-1-0-0,94cf5f81a5c9,,,10x Genomics,Spatial Gene Expression v1.0,,,"Mouse,brain",10x-scrape,,,
ds_6c7daaad0e09,Mouse Brain Section (Coronal),Spatial Gene Expression v1.0 | Mouse | brain,doi,doi:https://www.10xgenomics.com/datasets/mouse-brain-section-coronal-1-standard-1-0-0,6c7daaad0e09,doi:https://www.10xgenomics.com/datasets/mouse-brain-section-coronal-1-standard-1-0-0,6c7daaad0e09,,,10x Genomics,Spatial Gene Expression v1.0,,,"Mouse,brain",10x-scrape,,,
